,work_id,fable_name,top_frequency,top_frequency_in_work,top_tf-idf,top_ctf-idf,x_umap,y_umap
0,tlg0561.tlg001,Daphnis and Chloe - Phatta or the wood pigeon (1.27),καί βοῦς ὡς παρθένος αὐτός,καί δέ αὐτός ὡς σύριγξ εἰμί πᾶς εἰς πάν μέν,παρθένος βοῦς καί πίτυς μουσική,σύριγξ δάφνις πάν χλόη παρθένος φιλέω ὄργανον μέλος φιλητᾶς μουσική,-1.4616289,1.8550361
1,tlg0561.tlg001,Daphnis and Chloe - Echo (3.22-23),καί δέ πᾶς αὐτός δάφνις,καί δέ αὐτός ὡς σύριγξ εἰμί πᾶς εἰς πάν μέν,καί δάφνις πᾶς μέλος κόρη,σύριγξ δάφνις πάν χλόη παρθένος φιλέω ὄργανον μέλος φιλητᾶς μουσική,-1.7024415,1.7224556
2,tlg0561.tlg001,Daphnis and Chloe - Syrinx (2.32-35),καί σύριγξ δέ ὡς αὐτός,καί δέ αὐτός ὡς σύριγξ εἰμί πᾶς εἰς πάν μέν,σύριγξ καί πάν δάφνις χλόη,σύριγξ δάφνις πάν χλόη παρθένος φιλέω ὄργανον μέλος φιλητᾶς μουσική,-1.658971,1.9834431
3,NA28-041MRK,Mark 4 - The Sower,καί αὐτός σπείρω ἀκούω λόγος,καί αὐτός εἰμί σπείρω ἀκούω ἐν λόγος οὗτος ἄλλος γίγνομαι,καί σπείρω ἀκούω αὐτός λόγος,σπείρω ἀποστέλλω παραβολή ἀμπελών ἀκούω ἀποκτείνω γεωργός ὄχλος εἷς εὐθύς,-2.1923523,1.2177042
4,NA28-041MRK,Mark 12 - The Wicked Tenants ,καί αὐτός πρός ἀποστέλλω γεωργός,καί αὐτός εἰμί σπείρω ἀκούω ἐν λόγος οὗτος ἄλλος γίγνομαι,καί ἀμπελών ἀποστέλλω γεωργός αὐτός,σπείρω ἀποστέλλω παραβολή ἀμπελών ἀκούω ἀποκτείνω γεωργός ὄχλος εἷς εὐθύς,-2.6028109,1.7101513
5,NA28-042LUK,Luke 18 - The Widow and the Unjust Judge,αὐτός καί δέ μή λέγω,καί αὐτός δέ σύ ἐν λέγω εἰμί οὗτος ἐγώ εἶπον,αὐτός ἐκδικέω ἐκδίκησις λέγω χήρα,κύριος καλέω δοῦλος παραβολή ἵνα υἱός ὑμεῖς ἐπί ἀπό ποιέω,-3.1747315,2.277901
6,NA28-042LUK,"Luke 4 - Doctor, cure yourself",καί αὐτός ἐν εἰμί ἐπί,καί αὐτός δέ σύ ἐν λέγω εἰμί οὗτος ἐγώ εἶπον,αὐτός καί ἐν συναγωγή βιβλίον,κύριος καλέω δοῦλος παραβολή ἵνα υἱός ὑμεῖς ἐπί ἀπό ποιέω,-2.2206392,1.9750891
7,NA28-042LUK,Luke 16 - The Dishonest Manager,καί σύ αὐτός ἐν εἶπον,καί αὐτός δέ σύ ἐν λέγω εἰμί οὗτος ἐγώ εἶπον,δέχομαι πιστός κύριος καί μαμωνᾶς,κύριος καλέω δοῦλος παραβολή ἵνα υἱός ὑμεῖς ἐπί ἀπό ποιέω,-3.4559677,1.7896278
8,NA28-042LUK,Luke 16 - The Barren Fig Tree,αὐτός καί δέ καρπός ἐν,καί αὐτός δέ σύ ἐν λέγω εἰμί οὗτος ἐγώ εἶπον,καρπός ἐκκόπτω αὐτός συκῆ ἔτος,κύριος καλέω δοῦλος παραβολή ἵνα υἱός ὑμεῖς ἐπί ἀπό ποιέω,-2.5818439,1.9209146
9,NA28-042LUK,Luke 12 - The Rich Fool,καί ἐγώ λέγω ψυχή δέ,καί αὐτός δέ σύ ἐν λέγω εἰμί οὗτος ἐγώ εἶπον,ψυχή συνάγω καί λέγω ἀγαθός,κύριος καλέω δοῦλος παραβολή ἵνα υἱός ὑμεῖς ἐπί ἀπό ποιέω,-3.1398876,2.709014
10,NA28-042LUK,Luke 21 - The Fig Tree,καί πᾶς γίγνομαι ὑμεῖς οὗτος,καί αὐτός δέ σύ ἐν λέγω εἰμί οὗτος ἐγώ εἶπον,παρέρχομαι ὑμεῖς πᾶς καί ἐγγύς,κύριος καλέω δοῦλος παραβολή ἵνα υἱός ὑμεῖς ἐπί ἀπό ποιέω,-2.6119928,1.302294
11,NA28-042LUK,Luke 8 - The Parable of the Sower,καί αὐτός δέ ἀκούω εἰμί,καί αὐτός δέ σύ ἐν λέγω εἰμί οὗτος ἐγώ εἶπον,καί ἀκούω αὐτός ἄκανθα πίπτω,κύριος καλέω δοῦλος παραβολή ἵνα υἱός ὑμεῖς ἐπί ἀπό ποιέω,-2.2241158,1.644866
12,NA28-042LUK,Luke 6 - Blind guiging a Blind,καί οὐ δέ αὐτός σύ,καί αὐτός δέ σύ ἐν λέγω εἰμί οὗτος ἐγώ εἶπον,ὀφθαλμός ἀδελφός οἰκία δοκός κάρφος,κύριος καλέω δοῦλος παραβολή ἵνα υἱός ὑμεῖς ἐπί ἀπό ποιέω,-3.3015234,2.0218325
13,NA28-042LUK,Luke 19 - The Ten Pounds,καί αὐτός μνᾶ ὅς εἶπον,καί αὐτός δέ σύ ἐν λέγω εἰμί οὗτος ἐγώ εἶπον,μνᾶ δέκα αὐτός καί δοῦλος,κύριος καλέω δοῦλος παραβολή ἵνα υἱός ὑμεῖς ἐπί ἀπό ποιέω,-2.961991,1.7615263
14,NA28-042LUK,Luke 15 - The Lost Coin,καί δραχμή εὑρίσκω εἷς λέγω,καί αὐτός δέ σύ ἐν λέγω εἰμί οὗτος ἐγώ εἶπον,δραχμή εὑρίσκω ἀπόλλυμι εἷς ἐπιμελής,κύριος καλέω δοῦλος παραβολή ἵνα υἱός ὑμεῖς ἐπί ἀπό ποιέω,-2.7364054,2.2545128
15,NA28-042LUK,Luke 12 - The Faithful and Unfaithful Slave,καί αὐτός ἐπί δέ κύριος,καί αὐτός δέ σύ ἐν λέγω εἰμί οὗτος ἐγώ εἶπον,ἐπί κύριος καί αὐτός δοῦλος,κύριος καλέω δοῦλος παραβολή ἵνα υἱός ὑμεῖς ἐπί ἀπό ποιέω,-2.76553,2.268503
16,NA28-042LUK,Luke 14 - The Great Dinner,καί εἶπον αὐτός δοῦλος ἐγώ,καί αὐτός δέ σύ ἐν λέγω εἰμί οὗτος ἐγώ εἶπον,καί δοῦλος παραιτέομαι εἶπον ἐξέρχομαι,κύριος καλέω δοῦλος παραβολή ἵνα υἱός ὑμεῖς ἐπί ἀπό ποιέω,-2.91881,1.5306499
17,NA28-042LUK,Luke 18 - The Pharisee and the Tax Collector,καί οὗτος ἑαυτοῦ εἰς δέ,καί αὐτός δέ σύ ἐν λέγω εἰμί οὗτος ἐγώ εἶπον,τελώνης φαρισαῖος ἑαυτοῦ ταπεινόω προσεύχομαι,κύριος καλέω δοῦλος παραβολή ἵνα υἱός ὑμεῖς ἐπί ἀπό ποιέω,-2.9221191,1.3148246
18,NA28-042LUK,Luke 20 - The Wicked Tenants,καί αὐτός δέ οὗτος ἀμπελών,καί αὐτός δέ σύ ἐν λέγω εἰμί οὗτος ἐγώ εἶπον,ἀμπελών γεωργός αὐτός καί οὗτος,κύριος καλέω δοῦλος παραβολή ἵνα υἱός ὑμεῖς ἐπί ἀπό ποιέω,-2.4679265,1.9511513
19,NA28-042LUK,Luke 14 - Humility and Hospitality,σύ καί καλέω αὐτός ὅταν,καί αὐτός δέ σύ ἐν λέγω εἰμί οὗτος ἐγώ εἶπον,καλέω σύ ὅταν τόπος μηδέ,κύριος καλέω δοῦλος παραβολή ἵνα υἱός ὑμεῖς ἐπί ἀπό ποιέω,-3.2465668,1.2816297
20,NA28-042LUK,Luke 5 - Old and New Garment,καί παλαιός καινός ἀσκός νέος,καί αὐτός δέ σύ ἐν λέγω εἰμί οὗτος ἐγώ εἶπον,παλαιός ἀσκός καινός νέος οἶνος,κύριος καλέω δοῦλος παραβολή ἵνα υἱός ὑμεῖς ἐπί ἀπό ποιέω,-2.1498363,2.1095624
21,NA28-042LUK,Luke 16 - The Rich Man and Lazarus,καί αὐτός δέ ἀβραάμ ἐν,καί αὐτός δέ σύ ἐν λέγω εἰμί οὗτος ἐγώ εἶπον,ἀβραάμ λάζαρος καί αὐτός πάτηρ,κύριος καλέω δοῦλος παραβολή ἵνα υἱός ὑμεῖς ἐπί ἀπό ποιέω,-2.1940665,2.2504857
22,NA28-042LUK,Luke 15 - The Prodigal Son,καί αὐτός δέ σύ πατήρ,καί αὐτός δέ σύ ἐν λέγω εἰμί οὗτος ἐγώ εἶπον,καί αὐτός πατήρ υἱός σύ,κύριος καλέω δοῦλος παραβολή ἵνα υἱός ὑμεῖς ἐπί ἀπό ποιέω,-1.9944149,2.460343
23,NA28-042LUK,Luke 15 - The Lost Sheep,αὐτός καί ἐπί λέγω εὑρίσκω,καί αὐτός δέ σύ ἐν λέγω εἰμί οὗτος ἐγώ εἶπον,ἐνενήκοντα ἐννέα ἐπί εὑρίσκω πρόβατον,κύριος καλέω δοῦλος παραβολή ἵνα υἱός ὑμεῖς ἐπί ἀπό ποιέω,-2.7520223,2.0063016
24,tlg0532.tlg001,Leucippe and Clitophon - Conops or the gnat,καί δέ ἐγώ αὐτός λέων,καί δέ ἐγώ αὐτός λέων εἰμί μέν σύ γάρ κώνωψ,καί δέ λέων κώνωψ ἐγώ,κώνωψ ἐλέφας ἀράχνης κώνωπς ἅμα ἀήρ βέλος ὀδών ὅσος λέων,-2.0101526,3.2710388
25,tlg1765.tlg003,Life of Aesop - The Eagle and the Dung Beetle (§134),καί δέ κάνθαρος οὗτος μή,καί δέ οὗτος αὐτός μή κάνθαρος ἐπί γυνή πρός ἀετός,κάνθαρος ἀετός καταφεύγω ζεύς δελφοί,κάνθαρος ἀετός δελφοί γυνή ὀνάριον καταφεύγω ἐκἀ ζεύς πάλιν ὑπό,-2.1067178,1.7953919
26,tlg1765.tlg003,Life of Aesop - The Woman who had burried her Husband (§129),καί γυνή δέ ἐγώ αὐτός,καί δέ οὗτος αὐτός μή κάνθαρος ἐπί γυνή πρός ἀετός,γυνή καί βοῦς θρηνέω δήποτε,κάνθαρος ἀετός δελφοί γυνή ὀνάριον καταφεύγω ἐκἀ ζεύς πάλιν ὑπό,-1.7511142,2.6598227
27,tlg1765.tlg003,Life of Aesop - The Farmer (§140),καί δέ οὗτος ὑπό ἐπί,καί δέ οὗτος αὐτός μή κάνθαρος ἐπί γυνή πρός ἀετός,ὀνάριον ὑπό ἐπί ἀπόλλυμι καί,κάνθαρος ἀετός δελφοί γυνή ὀνάριον καταφεύγω ἐκἀ ζεύς πάλιν ὑπό,-2.4903107,2.0592082
28,tlg0614.tlg001,Babrius - 42) The Departure of a Well-Sated Guest,κύων ἐρωτάω ἐν δέ δεῖπνον,δʼ καί δέ ἐγώ εἰμί οὐ τις αὐτός σύ εἶπον,κύων ἐρωτάω δεῖπνον ἦλθε ἐκτός,μῦθος κακός τε ποτʼ λέων εἶδον φημί φεύγω λύκος ἀνήρ,-3.076823,2.242331
29,tlg0614.tlg001,Babrius - 74) Man's Year,καί κύων δʼ εἰμί εἰς,δʼ καί δέ ἐγώ εἰμί οὐ τις αὐτός σύ εἶπον,κύων ἵππος διόπερ ξένος βοῦς,μῦθος κακός τε ποτʼ λέων εἶδον φημί φεύγω λύκος ἀνήρ,-0.653611,2.6022985
30,tlg0614.tlg001,Babrius - 118) Close to the Law but Far from Justice,οὗτος δέ χελιδών ὅπου ἄνθρωπος,δʼ καί δέ ἐγώ εἰμί οὐ τις αὐτός σύ εἶπον,χελιδών ὅπου μηδείς ἔαρ ἑπτά,μῦθος κακός τε ποτʼ λέων εἶδον φημί φεύγω λύκος ἀνήρ,-2.5123627,4.033506
31,tlg0614.tlg001,Babrius - 22) The Middle-Aged Man with Two Mistresses,νέος μέν γραῖος δʼ τίλλω,δʼ καί δέ ἐγώ εἰμί οὐ τις αὐτός σύ εἶπον,γραῖος νέος θρίξ τίλλω μέλας,μῦθος κακός τε ποτʼ λέων εἶδον φημί φεύγω λύκος ἀνήρ,-1.1899682,3.6101303
32,tlg0614.tlg001,Babrius - 107) The Lion and the Mouse,καί λέων μῦθος ὅδε δʼ,δʼ καί δέ ἐγώ εἰμί οὐ τις αὐτός σύ εἶπον,λέων ὅδε προπηδέω στερρόν ἀντιζωγρέω,μῦθος κακός τε ποτʼ λέων εἶδον φημί φεύγω λύκος ἀνήρ,-2.3970513,5.135999
33,tlg0614.tlg001,Babrius - 105) The Robber Robbed,λύκος δίκαιος καί αὐτός λέων,δʼ καί δέ ἐγώ εἰμί οὐ τις αὐτός σύ εἶπον,λύκος δίκαιος λέων τιτερώσκφ αἰτιάομαι,μῦθος κακός τε ποτʼ λέων εἶδον φημί φεύγω λύκος ἀνήρ,-1.5326278,5.6688867
34,tlg0614.tlg001,Babrius - 49) It Won't be Fortune's Fault,καί ἐγώ μή παρά γάρ,δʼ καί δέ ἐγώ εἰμί οὐ τις αὐτός σύ εἶπον,παρά ἐπιστάσης κεχρη δοξάζω αὐτεξοόσιυς,μῦθος κακός τε ποτʼ λέων εἶδον φημί φεύγω λύκος ἀνήρ,-2.3783617,1.3534595
35,tlg0614.tlg001,Babrius - 112) The Battle of the Bull and the Mouse,δʼ μῦς καί φεύγω οὐ,δʼ καί δέ ἐγώ εἰμί οὐ τις αὐτός σύ εἶπον,μῦς ταῦρος δʼ φεύγω κοπόω,μῦθος κακός τε ποτʼ λέων εἶδον φημί φεύγω λύκος ἀνήρ,-2.6929998,5.3857775
36,tlg0614.tlg001,Babrius - 75) Mistaken for a Physician,ἰατρός δέ οὐ σύ εἰμί,δʼ καί δέ ἐγώ εἰμί οὐ τις αὐτός σύ εἶπον,ἰατρός σύ ἀλλʼ οὐ εἰμί,μῦθος κακός τε ποτʼ λέων εἶδον φημί φεύγω λύκος ἀνήρ,-2.4564068,3.6270976
37,tlg0614.tlg001,Babrius - 123) Whow Covets all Loses all,πολύς εὑρίσκω γάρ ἀτευκτάω εἰμί,δʼ καί δέ ἐγώ εἰμί οὐ τις αὐτός σύ εἶπον,εὑρίσκω χρύσεʼ ἀθρόος τικτουσης ἀτευκτάω,μῦθος κακός τε ποτʼ λέων εἶδον φημί φεύγω λύκος ἀνήρ,-2.1459649,2.8789527
38,tlg0614.tlg001,Babrius - 99) Bonded Brotherhood,μή φίλος σύ πιστεύω λέων,δʼ καί δέ ἐγώ εἰμί οὐ τις αὐτός σύ εἶπον,πιστεύω λέων φίλος αἰετέω ἐνέχυρον,μῦθος κακός τε ποτʼ λέων εἶδον φημί φεύγω λύκος ἀνήρ,-2.0600035,4.935096
39,tlg0614.tlg001,Babrius - 28) The Toad who Tried to be as Big as an Ox,ἔρχομαι δέ εἰμί μήτηρ μῆτερ,δʼ καί δέ ἐγώ εἰμί οὐ τις αὐτός σύ εἶπον,μήτηρ ἐπικίνδυνος φυσῶσʼ φρῦνος γέννημα,μῦθος κακός τε ποτʼ λέων εἶδον φημί φεύγω λύκος ἀνήρ,-2.8396955,2.5733805
40,tlg0614.tlg001,Babrius - 2) The Farmer who Lost his Mattock,ὅς θεός οὐ δʼ οἶδα,δʼ καί δέ ἐγώ εἰμί οὐ τις αὐτός σύ εἶπον,θεός ὅς οἶδα δεσπόται ἀγροίκων,μῦθος κακός τε ποτʼ λέων εἶδον φημί φεύγω λύκος ἀνήρ,-3.449091,3.1936452
41,tlg0614.tlg001,Babrius - 43) Betrayed by the Source of his own Pride,καί δέ κέρας δʼ ὡς,δʼ καί δέ ἐγώ εἰμί οὐ τις αὐτός σύ εἶπον,κέρας πούς εἶδον σαγήνη δύστηνος,μῦθος κακός τε ποτʼ λέων εἶδον φημί φεύγω λύκος ἀνήρ,-2.1825256,4.071973
42,tlg0614.tlg001,Babrius - 124) How the Fowler Served his Guest,δέ τίς εἶπον ἔχω οὐδείς,δʼ καί δέ ἐγώ εἰμί οὐ τις αὐτός σύ εἶπον,πέρδικ δειπνέω τίς φίλος οὐδείς,μῦθος κακός τε ποτʼ λέων εἶδον φημί φεύγω λύκος ἀνήρ,-3.2364078,4.001909
43,tlg0614.tlg001,Babrius - 57) How the Arabs Got to be Liars,καί τε ἄλλος αὐτός ὡς,δʼ καί δέ ἐγώ εἰμί οὐ τις αὐτός σύ εἶπον,ἄμαξα ἄλλος τε ἀράβων ψεῦσταί,μῦθος κακός τε ποτʼ λέων εἶδον φημί φεύγω λύκος ἀνήρ,-1.9328771,1.3188852
44,tlg0614.tlg001,Babrius - 117) A Double Standard of Justice,θεός αὐτός εἰμί μηδείς πολύς,δʼ καί δέ ἐγώ εἰμί οὐ τις αὐτός σύ εἶπον,μυρμήκες ἄδικος θεός μηδείς εἷς,μῦθος κακός τε ποτʼ λέων εἶδον φημί φεύγω λύκος ἀνήρ,-3.4869363,2.0186071
45,tlg0614.tlg001,Babrius - 128) The Dog and the Sheep,ἐγώ καί σύ δʼ ἐν,δʼ καί δέ ἐγώ εἰμί οὐ τις αὐτός σύ εἶπον,εὐθαλής ἐγώ μέσος τοῖα δρηστήρ,μῦθος κακός τε ποτʼ λέων εἶδον φημί φεύγω λύκος ἀνήρ,-1.3275112,3.046331
46,tlg0614.tlg001,Babrius - 37) The Old Bull and the Young Steer,καί βοῦς δʼ θύω εἰς,δʼ καί δέ ἐγώ εἰμί οὐ τις αὐτός σύ εἶπον,θύω βοῦς γέρων ἀγρότας ἄφετος,μῦθος κακός τε ποτʼ λέων εἶδον φημί φεύγω λύκος ἀνήρ,-1.197991,1.707861
47,tlg0614.tlg001,Babrius - 4) The Fisherman and the Fish,δʼ μέγας εἰς εἰμί ἀνείλετʼ,δʼ καί δέ ἐγώ εἰμί οὐ τις αὐτός σύ εἶπον,μέγας δικτύου ἐχθύω σπανίος ἡπλόω,μῦθος κακός τε ποτʼ λέων εἶδον φημί φεύγω λύκος ἀνήρ,-1.3425756,4.1993175
48,tlg0614.tlg001,Babrius - 9) The Fisherman with the Flute,καί πρός εἰμί δέ κερτομέω,δʼ καί δέ ἐγώ εἰμί οὐ τις αὐτός σύ εἶπον,ηὔλει κερτομέω βάλλω ἡδυφωνία πάλαι,μῦθος κακός τε ποτʼ λέων εἶδον φημί φεύγω λύκος ἀνήρ,-1.615149,3.25433
49,tlg0614.tlg001,Babrius - 126) Truth and Falsehood,ψεῦδος δʼ εἰμί καί οὗτος,δʼ καί δέ ἐγώ εἰμί οὐ τις αὐτός σύ εἶπον,ψεῦδος ἐρημία διά νῦν ὁδοιπορῶν,μῦθος κακός τε ποτʼ λέων εἶδον φημί φεύγω λύκος ἀνήρ,-1.4684393,4.3273044
50,tlg0614.tlg001,Babrius - 5) The Fighting Cocks,ἄλλος καί δʼ εἰς ἄνθρωπος,δʼ καί δέ ἐγώ εἰμί οὐ τις αὐτός σύ εἶπον,ἄλλος ἥττα ἠν αἰετός τραυμάτον,μῦθος κακός τε ποτʼ λέων εἶδον φημί φεύγω λύκος ἀνήρ,-1.5177343,3.195868
51,tlg0614.tlg001,Babrius - 23) Better Lose the Ox than Catch the Thief,δʼ εἰ γε ταῦρος κλέπτης,δʼ καί δέ ἐγώ εἰμί οὐ τις αὐτός σύ εἶπον,εὐχή κλέπτης γε ταῦρος παήν,μῦθος κακός τε ποτʼ λέων εἶδον φημί φεύγω λύκος ἀνήρ,-3.1477134,5.1508074
52,tlg0614.tlg001,Babrius - 53) Three True Statements,δʼ ἐγώ εἰς εἴθε μή,δʼ καί δέ ἐγώ εἰμί οὐ τις αὐτός σύ εἶπον,εἴθε ζωγρέω μηδέ ἐγώ δʼ,μῦθος κακός τε ποτʼ λέων εἶδον φημί φεύγω λύκος ἀνήρ,-1.7488942,4.2056556
53,tlg0614.tlg001,Babrius - 110) Always Ready to Go,σύ πρός ἐν τίς δέ,δʼ καί δέ ἐγώ εἰμί οὐ τις αὐτός σύ εἶπον,βαρδύνω ἑστώσης ἄρασά ποίει κατεπείγω,μῦθος κακός τε ποτʼ λέων εἶδον φημί φεύγω λύκος ἀνήρ,-3.1664677,4.3918095
54,tlg0614.tlg001,Babrius - 46) Too Many Friends,ἔλαφος ἐκ ὅς οὗτος ἔχω,δʼ καί δέ ἐγώ εἰμί οὐ τις αὐτός σύ εἶπον,ἔλαφος πω ὕλας κατεσκλήκει ἀναπίμπλημι,μῦθος κακός τε ποτʼ λέων εἶδον φημί φεύγω λύκος ἀνήρ,-2.7468455,3.8593967
55,tlg0614.tlg001,Babrius - 63) Hero-Cult,τις εἰ ἥρως κακός αἰτέω,δʼ καί δέ ἐγώ εἰμί οὐ τις αὐτός σύ εἶπον,ἥρως αἰτέω παρέχω κακός θύω,μῦθος κακός τε ποτʼ λέων εἶδον φημί φεύγω λύκος ἀνήρ,-3.103813,2.614423
56,tlg0614.tlg001,Babrius - 121) Unwelcome Solicitude,εἶπον μόνος πρός πῶς ἄν,δʼ καί δέ ἐγώ εἰμί οὐ τις αὐτός σύ εἶπον,διαθέσει ἀποθνήω παρκύνπτω ἠσθένησε χρηστότης,μῦθος κακός τε ποτʼ λέων εἶδον φημί φεύγω λύκος ἀνήρ,-3.1123033,4.630983
57,tlg0614.tlg001,Babrius - 1) The Lion and the Bowman,δέ καί αὐτός γιγνώσκω λέων,δʼ καί δέ ἐγώ εἰμί οὐ τις αὐτός σύ εἶπον,λέων γιγνώσκω θαρσέω ἄγγελος μένω,μῦθος κακός τε ποτʼ λέων εἶδον φημί φεύγω λύκος ἀνήρ,-2.5302424,4.614283
58,tlg0614.tlg001,Babrius - 109) Show me How,μήτηρ μή ποιέω σύρω βαίνω,δʼ καί δέ ἐγώ εἰμί οὐ τις αὐτός σύ εἶπον,μήτηρ σκαλίη ἔλεγεκαρκίνῳ ἐναντίος διδα,μῦθος κακός τε ποτʼ λέων εἶδον φημί φεύγω λύκος ἀνήρ,-3.766974,2.3002458
59,tlg0614.tlg001,Babrius - 92) Interested only in the Tracks,δʼ ἴχνος δέ λέοντά λέων,δʼ καί δέ ἐγώ εἰμί οὐ τις αὐτός σύ εἶπον,λέοντά ἴχνος λέων ἴχνευεν εἰπέ,μῦθος κακός τε ποτʼ λέων εἶδον φημί φεύγω λύκος ἀνήρ,-2.4030383,4.8324776
60,tlg0614.tlg001,Babrius - 122) Doctor Wolf,ἐγώ λύκος χάρις τε εἶπον,δʼ καί δέ ἐγώ εἰμί οὐ τις αὐτός σύ εἶπον,λύκος χωλός χάρις τʼ ἐγώ,μῦθος κακός τε ποτʼ λέων εἶδον φημί φεύγω λύκος ἀνήρ,-2.0594642,5.6521273
61,tlg0614.tlg001,Babrius - 88) How the Lark Knew When to Leave,καί φίλος παῖς εἶπον νῦν,δʼ καί δέ ἐγώ εἰμί οὐ τις αὐτός σύ εἶπον,παῖς φίλος κορυδαλὸς νῦν μισθός,μῦθος κακός τε ποτʼ λέων εἶδον φημί φεύγω λύκος ἀνήρ,-2.8582494,3.7156959
62,tlg0614.tlg001,Babrius - 3) The Goat and the Goatherd,δʼ καί χίμαιρα μή κέρας,δʼ καί δέ ἐγώ εἰμί οὐ τις αὐτός σύ εἶπον,χίμαιρα κρύπτω λίθος κέρας ἁμαρτηθέντα,μῦθος κακός τε ποτʼ λέων εἶδον φημί φεύγω λύκος ἀνήρ,-2.0512865,4.3545337
63,tlg0614.tlg001,Babrius - 39) Mediation à la Mode,εἰ στάσις οὗτος φαλαίνη τύραννος,δʼ καί δέ ἐγώ εἰμί οὐ τις αὐτός σύ εἶπον,μεσιτεύω φαλαίνη καρκίνος τύραννος δελφῖνς,μῦθος κακός τε ποτʼ λέων εἶδον φημί φεύγω λύκος ἀνήρ,-3.2748694,2.4620345
64,tlg0614.tlg001,Babrius - 76) The Knight and his Horse,ἵππος ἐκ καί δʼ πόλεμος,δʼ καί δέ ἐγώ εἰμί οὐ τις αὐτός σύ εἶπον,ἵππος ἱππεύς πόλεμος οὐκέτʼ αὖ,μῦθος κακός τε ποτʼ λέων εἶδον φημί φεύγω λύκος ἀνήρ,-0.70040953,2.4812963
65,tlg0614.tlg001,Babrius - 19) The Fox and the Grapes,πέπειρος εἰς γάρ βότρυς οὐ,δʼ καί δέ ἐγώ εἰμί οὐ τις αὐτός σύ εἶπον,πέπειρος βότρυς ὄμφαξ κοπιάω ποικίλη,μῦθος κακός τε ποτʼ λέων εἶδον φημί φεύγω λύκος ἀνήρ,-1.5291657,3.8216248
66,tlg0614.tlg001,Babrius - 89) The Wolf and the Lamb,οὐ ἐγώ οὐδʼ ὅς τις,δʼ καί δέ ἐγώ εἰμί οὐ τις αὐτός σύ εἶπον,ἀρήν οὐδʼ λύκος ἐγώ οὐ,μῦθος κακός τε ποτʼ λέων εἶδον φημί φεύγω λύκος ἀνήρ,-1.7232934,5.385814
67,tlg0614.tlg001,Babrius - 65) Crane and Peacock,γέρανος σύν σύ ὡς εὐφυής,δʼ καί δέ ἐγώ εἰμί οὐ τις αὐτός σύ εἶπον,γέρανος σύν εὐφυής κράζω καταχρύσοις,μῦθος κακός τε ποτʼ λέων εἶδον φημί φεύγω λύκος ἀνήρ,-2.5872025,4.3644824
68,tlg0614.tlg001,Babrius - 26) The Farmer and the Cranes,δʼ φεύγω ὡς μή λόγος,δʼ καί δέ ἐγώ εἰμί οὐ τις αὐτός σύ εἶπον,δʼ φεύγω πυγμαίων ὀδύνη πειραθεῖεν,μῦθος κακός τε ποτʼ λέων εἶδον φημί φεύγω λύκος ἀνήρ,-0.9582129,4.6689105
69,tlg0614.tlg001,Babrius - 45) The Outcome of a Foreign Investment,δʼ αἴξ οὐ δέ ἐκ,δʼ καί δέ ἐγώ εἰμί οὐ τις αὐτός σύ εἶπον,αἴξ αἰπόλος κρείσσων δʼ εὑρίσκω,μῦθος κακός τε ποτʼ λέων εἶδον φημί φεύγω λύκος ἀνήρ,-0.7342266,4.200089
70,tlg0614.tlg001,Babrius - 114) The Boasting Lamp,λύχνος δέ φέγγος σίγα αὐτός,δʼ καί δέ ἐγώ εἰμί οὐ τις αὐτός σύ εἶπον,φέγγος λύχνος μόνιμος σίγα φυσιόω,μῦθος κακός τε ποτʼ λέων εἶδον φημί φεύγω λύκος ἀνήρ,-2.2351925,2.7587464
71,tlg0614.tlg001,Babrius - 33) Outwitting the Birds,δʼ καί μέν σφενδόνη φεύγω,δʼ καί δέ ἐγώ εἰμί οὐ τις αὐτός σύ εἶπον,σφενδόνη ἄρτος δʼ ψᾶρς κολοιός,μῦθος κακός τε ποτʼ λέων εἶδον φημί φεύγω λύκος ἀνήρ,-1.0766538,4.6386867
72,tlg0614.tlg001,Babrius - 66) The Two Wallets,δέ ἄνθρωπος φημί εἰμί μέν,δʼ καί δέ ἐγώ εἰμί οὐ τις αὐτός σύ εἶπον,ὀθνείων γέμω ἀκριβῶς τένοντός πλάομαί,μῦθος κακός τε ποτʼ λέων εἶδον φημί φεύγω λύκος ἀνήρ,-3.043088,3.5179584
73,tlg0614.tlg001,Babrius - 84) The Gnat on the Bull's Horn,οὔτʼ τις καί εἰμί μέγας,δʼ καί δέ ἐγώ εἰμί οὐ τις αὐτός σύ εἶπον,οὔτʼ σφόδρα κατηγορία ἐγνώκειν περιέχω,μῦθος κακός τε ποτʼ λέων εἶδον φημί φεύγω λύκος ἀνήρ,-1.9458396,3.1303124
74,tlg0614.tlg001,Babrius - 32) The Weasel as Bride,δέ καί γάρ φύσις ἔχω,δʼ καί δέ ἐγώ εἰμί οὐ τις αὐτός σύ εἶπον,φύσις εἶδον λέλυτο ἐρασθείσῃ βουάλ,μῦθος κακός τε ποτʼ λέων εἶδον φημί φεύγω λύκος ἀνήρ,-2.0788755,3.4227269
75,tlg0614.tlg001,Babrius - 69) Not Running for his Life,δʼ τις ἄλλως ἐξανίστημι καί,δʼ καί δέ ἐγώ εἰμί οὐ τις αὐτός σύ εἶπον,ἄλλως ἐξανίστημι πηλίκος ἄπειρος θάσσω,μῦθος κακός τε ποτʼ λέων εἶδον φημί φεύγω λύκος ἀνήρ,-0.7456476,4.3202457
76,tlg0614.tlg001,Babrius - 25) Why the Hares Refrained from Suicide,εἰμί καί εἰς δέ λίμνη,δʼ καί δέ ἐγώ εἰμί οὐ τις αὐτός σύ εἶπον,λίμνη ὀκλαδιστί χρεών ἀκταῖος θνήσκειν,μῦθος κακός τε ποτʼ λέων εἶδον φημί φεύγω λύκος ἀνήρ,-2.2127528,3.9563947
77,tlg0614.tlg001,Babrius - 104) Distinguished but not Honoured,κύων ἔλεγχος δέ κώδωνα οὐ,δʼ καί δέ ἐγώ εἰμί οὐ τις αὐτός σύ εἶπον,κώδωνα κύων ἔλεγχος ἀρετή τάλαν,μῦθος κακός τε ποτʼ λέων εἶδον φημί φεύγω λύκος ἀνήρ,-0.28245375,4.850051
78,tlg0614.tlg001,Babrius - 72) Borrowed Plumage,καί δʼ πᾶς αὐτός πτερὸν,δʼ καί δέ ἐγώ εἰμί οὐ τις αὐτός σύ εἶπον,καί κολοιὸς πτερὸν δʼ κόσμος,μῦθος κακός τε ποτʼ λέων εἶδον φημί φεύγω λύκος ἀνήρ,-0.81526935,3.4287019
79,tlg0614.tlg001,Babrius - 41) Overextended,φημί βλάψεις ἐκ διαρραγῆναί νῶτον,δʼ καί δέ ἐγώ εἰμί οὐ τις αὐτός σύ εἶπον,βλάψεις μῆκος ἐξισουμένην ὑπερέχω διαρραγῆναί,μῦθος κακός τε ποτʼ λέων εἶδον φημί φεύγω λύκος ἀνήρ,-1.449921,3.2098258
80,tlg0614.tlg001,Babrius - 78) No Use Praying for a Robber,θεός καί σύ μήτηρ φημί,δʼ καί δέ ἐγώ εἰμί οὐ τις αὐτός σύ εἶπον,θεός μήτηρ ἀνωφελής ἀμεταμέλητος ἀνασφαίλω,μῦθος κακός τε ποτʼ λέων εἶδον φημί φεύγω λύκος ἀνήρ,-3.9223752,2.407423
81,tlg0614.tlg001,Babrius - 68) A Contest in Archery,δέ οὐ τόξον τις δʼ,δʼ καί δέ ἐγώ εἰμί οὐ τις αὐτός σύ εἶπον,φοῖβος τόξον τοξεύω νίκη ζεύς,μῦθος κακός τε ποτʼ λέων εἶδον φημί φεύγω λύκος ἀνήρ,-0.8968235,3.5239546
82,tlg0614.tlg001,Babrius - 85) The Heterogenous Dogs,δʼ δέ καί ἐγώ ἄλλος,δʼ καί δέ ἐγώ εἰμί οὐ τις αὐτός σύ εἶπον,δʼ κύων μάχη ἄλλος δέ,μῦθος κακός τε ποτʼ λέων εἶδον φημί φεύγω λύκος ἀνήρ,-0.6916051,4.4902015
83,tlg0614.tlg001,Babrius - 12) The Nightingale and the Swallow,καί δʼ ἐγώ σύ εἰμί,δʼ καί δέ ἐγώ εἰμί οὐ τις αὐτός σύ εἶπον,καί ὀξύφωνος χελιδών λύπη δʼ,μῦθος κακός τε ποτʼ λέων εἶδον φημί φεύγω λύκος ἀνήρ,-2.1822755,4.08674
84,tlg0614.tlg001,Babrius - 55) An Unwelcome Partner,δέ βοῦς αὐτός τις ὄνος,δʼ καί δέ ἐγώ εἰμί οὐ τις αὐτός σύ εἶπον,βοῦς ὄνος ἐτετέλεστο ἠροτρία διερωτάω,μῦθος κακός τε ποτʼ λέων εἶδον φημί φεύγω λύκος ἀνήρ,-1.0154227,1.5584965
85,tlg0614.tlg001,Babrius - 86) Delfation Necessary,ἔχω δʼ ἀλώπηξ γαστήρ ἄχρι,δʼ καί δέ ἐγώ εἰμί οὐ τις αὐτός σύ εἶπον,γαστήρ ἄχρι ἀλώπηξ ἐξελεύσῃ ἑώλων,μῦθος κακός τε ποτʼ λέων εἶδον φημί φεύγω λύκος ἀνήρ,-1.1231006,4.9462337
86,tlg0614.tlg001,Babrius - 94) Dr. Heron's Fire,μισθός σύ τις ἀρκέω δίδωμι,δʼ καί δέ ἐγώ εἰμί οὐ τις αὐτός σύ εἶπον,μισθός φάρυγος ἀρκέω δίδωμι σῴην,μῦθος κακός τε ποτʼ λέων εἶδον φημί φεύγω λύκος ἀνήρ,-2.8012304,3.4533663
87,tlg0614.tlg001,Babrius - 20) Heracles and the Ox-Driver,δʼ θεός εὔχομαι αὐτός ἐκ,δʼ καί δέ ἐγώ εἰμί οὐ τις αὐτός σύ εἶπον,εὔχομαι θεός δʼ προσηύχεθʼ κοιλώδης,μῦθος κακός τε ποτʼ λέων εἶδον φημί φεύγω λύκος ἀνήρ,-4.029142,2.6112437
88,tlg0614.tlg001,Babrius - 54) Yes and No,θύτης γίγνομαι ὅταν πρός ὑπέρ,δʼ καί δέ ἐγώ εἰμί οὐ τις αὐτός σύ εἶπον,θύτης ὑπέρ ὅταν δεόντων ἁπλώζω,μῦθος κακός τε ποτʼ λέων εἶδον φημί φεύγω λύκος ἀνήρ,-3.7206845,1.7836866
89,tlg0614.tlg001,Babrius - 73) How the Kite Lost his Voice,ἵππος ἔχω οὔτε ἴκτινος μιμούμενος,δʼ καί δέ ἐγώ εἰμί οὐ τις αὐτός σύ εἶπον,οὔτε ἵππος ἴκτινος χρεμετίω ἀδύνατος,μῦθος κακός τε ποτʼ λέων εἶδον φημί φεύγω λύκος ἀνήρ,-0.79932994,2.4261327
90,tlg0614.tlg001,Babrius - 56) A Beauty Contest,πᾶς αὐτός δʼ δέ ζεύς,δʼ καί δέ ἐγώ εἰμί οὐ τις αὐτός σύ εἶπον,πᾶς κρίνω ζεύς ἔπαθλον πίθωνα,μῦθος κακός τε ποτʼ λέων εἶδον φημί φεύγω λύκος ἀνήρ,-0.9619043,3.4293058
91,tlg0614.tlg001,Babrius - 11) The Fire-Bearing Fox,καί τις εἰμί δʼ αὐτός,δʼ καί δέ ἐγώ εἰμί οὐ τις αὐτός σύ εἶπον,ἔνι ἂψπτω χράομαι αἰκίη δυσοργήτοις,μῦθος κακός τε ποτʼ λέων εἶδον φημί φεύγω λύκος ἀνήρ,-2.405295,4.9714494
92,tlg0614.tlg001,Babrius - 52) One Toils and Another Complains,ἄλλος δʼ οἰμώζω ὦμος καί,δʼ καί δέ ἐγώ εἰμί οὐ τις αὐτός σύ εἶπον,ἄλλος οἰμώζω ὦμος πο ἑαυ,μῦθος κακός τε ποτʼ λέων εἶδον φημί φεύγω λύκος ἀνήρ,-1.424528,3.6254098
93,tlg0614.tlg001,Babrius - 61) Custom Stales,ἔχω δʼ ἰχθύς τις θήρα,δʼ καί δέ ἐγώ εἰμί οὐ τις αὐτός σύ εἶπον,κυνηγὸς ἰχθύς θήρα δυσάρεστος ἤιει,μῦθος κακός τε ποτʼ λέων εἶδον φημί φεύγω λύκος ἀνήρ,-1.4021505,4.6893215
94,tlg0614.tlg001,Babrius - 97) Suspicious Hospitality,ἔρχομαι καί δέ ἐπί εἶπον,δʼ καί δέ ἐγώ εἰμί οὐ τις αὐτός σύ εἶπον,θύρα ἔρχομαι λέων μάχαιρα προο,μῦθος κακός τε ποτʼ λέων εἶδον φημί φεύγω λύκος ἀνήρ,-2.7149675,3.059218
95,tlg0614.tlg001,Babrius - 60) Surfeited at Last,καί λόγος τότʼ φημί κατά,δʼ καί δέ ἐγώ εἰμί οὐ τις αὐτός σύ εἶπον,καταβλάπτος χύτρα ἐκπνέω ἐξομαλίζω ἔπερχομαι,μῦθος κακός τε ποτʼ λέων εἶδον φημί φεύγω λύκος ἀνήρ,-2.447097,1.0724802
96,tlg0614.tlg001,Babrius - 44) Divide and Conquer,δʼ αὐτός ἐχθρός ἀλλήλων ἀεί,δʼ καί δέ ἐγώ εἰμί οὐ τις αὐτός σύ εἶπον,ἐχθρός ἀεί ἀλλήλων ἀπίστει ῥᾳδία,μῦθος κακός τε ποτʼ λέων εἶδον φημί φεύγω λύκος ἀνήρ,-1.013454,4.943972
97,tlg0614.tlg001,Babrius - 24) The Frogs at the Sun's Wedding,ὅς εἰμί καί δέ χαίρω,δʼ καί δέ ἐγώ εἰμί οὐ τις αὐτός σύ εἶπον,χαίρω πάθωμεν λιμναῖος ἱλαρός κούφος,μῦθος κακός τε ποτʼ λέων εἶδον φημί φεύγω λύκος ἀνήρ,-3.4882479,3.4438734
98,tlg0614.tlg001,Babrius - 125) A Donkey on the Tiles,καί αὐτός ὄνος πρός ἐναντῖος,δʼ καί δέ ἐγώ εἰμί οὐ τις αὐτός σύ εἶπον,ὄνος καί ἐναντῖος κέραμος ἐληλέγχει,μῦθος κακός τε ποτʼ λέων εἶδον φημί φεύγω λύκος ἀνήρ,-1.5487417,1.1466252
99,tlg0614.tlg001,Babrius - 102) Once in Utopia,καί δέ πᾶς δʼ ἔχω,δʼ καί δέ ἐγώ εἰμί οὐ τις αὐτός σύ εἶπον,δίκαιος πᾶς πτὼξ τἀσθενής εὐθύνη,μῦθος κακός τε ποτʼ λέων εἶδον φημί φεύγω λύκος ἀνήρ,-1.6213492,5.2847123
100,tlg0614.tlg001,Babrius - 21) The Oxen and the Butchers,καί βοῦς οὗτος τις αὐτός,δʼ καί δέ ἐγώ εἰμί οὐ τις αὐτός σύ εἶπον,βοῦς ἀτέχνος ἐμπέω σκαιαί σφάζω,μῦθος κακός τε ποτʼ λέων εἶδον φημί φεύγω λύκος ἀνήρ,-1.2185806,1.6642375
101,tlg0614.tlg001,Babrius - 8) The Arab and His Camel,κάμηλος πρός βαίνω εἶφʼ γαρ,δʼ καί δέ ἐγώ εἰμί οὐ τις αὐτός σύ εἶπον,κάμηλος αίρομαῖ μούσης διεστραμμένους ἀπακλείζω,μῦθος κακός τε ποτʼ λέων εἶδον φημί φεύγω λύκος ἀνήρ,-0.14734484,2.9893527
102,tlg0614.tlg001,Babrius - 119) How Hermes Bestowed a Treasure,δέ δʼ ὅς καί ἔχω,δʼ καί δέ ἐγώ εἰμί οὐ τις αὐτός σύ εἶπον,οὐδείς ἀγνώμων ἐρρύη ξύλινός ὠφεληίθω,μῦθος κακός τε ποτʼ λέων εἶδον φημί φεύγω λύκος ἀνήρ,-3.395271,3.7972193
103,tlg0614.tlg001,Babrius - 96) Emboldened by Circumstance,τόπος διά μῦθος ἀρνειός τύχη,δʼ καί δέ ἐγώ εἰμί οὐ τις αὐτός σύ εἶπον,τόπος διά σιαγόνας δυνατωτέρων κατεπαιρομένοις,μῦθος κακός τε ποτʼ λέων εἶδον φημί φεύγω λύκος ἀνήρ,-3.04465,1.1446162
104,tlg0614.tlg001,Babrius - 7) The Horse and the Ass,αὐτός δʼ οὐ ἵππος μή,δʼ καί δέ ἐγώ εἰμί οὐ τις αὐτός σύ εἶπον,ἵππος φόρτος ἐπvʼ γόμος κτῆνος,μῦθος κακός τε ποτʼ λέων εἶδον φημί φεύγω λύκος ἀνήρ,-0.8626403,2.2973478
105,tlg0614.tlg001,Babrius - 64) The Fir Tree and the Bramble,καί τε σύ πρός βάτος,δʼ καί δέ ἐγώ εἰμί οὐ τις αὐτός σύ εἶπον,βάτος ἐλάτη καί κίνδυνος μᾶλλον,μῦθος κακός τε ποτʼ λέων εἶδον φημί φεύγω λύκος ἀνήρ,-2.0632615,1.00237
106,tlg0614.tlg001,Babrius - 127) The Mills of the Gods Grind Slowly,ζεύς ὀστράκος τις δέ εἰς,δʼ καί δέ ἐγώ εἰμί οὐ τις αὐτός σύ εἶπον,ὀστράκος ζεύς ἀναπράω βραδύς εὐθύνω,μῦθος κακός τε ποτʼ λέων εἶδον φημί φεύγω λύκος ἀνήρ,-3.7115479,3.1571443
107,tlg0614.tlg001,Babrius - 101) The Vainglorious Wolf,λέων δʼ λύκος ἐν σύ,δʼ καί δέ ἐγώ εἰμί οὐ τις αὐτός σύ εἶπον,λύκος λέων ἐν δʼ κολάκων,μῦθος κακός τε ποτʼ λέων εἶδον φημί φεύγω λύκος ἀνήρ,-2.1210732,5.620986
108,tlg0614.tlg001,Babrius - 71) The Sea,ἐγώ οὗτος δέ καί εἶπον,δʼ καί δέ ἐγώ εἰμί οὐ τις αὐτός σύ εἶπον,ἄνεμος ἐγώ εἶδον κῦμα υνάστης,μῦθος κακός τε ποτʼ λέων εἶδον φημί φεύγω λύκος ἀνήρ,-1.7794175,3.8638194
109,tlg0614.tlg001,Babrius - 95) The Stag without a Heart,δʼ καί σύ δέ πᾶς,δʼ καί δέ ἐγώ εἰμί οὐ τις αὐτός σύ εἶπον,δʼ σύ καί λέων ἔλαφος,μῦθος κακός τε ποτʼ λέων εἶδον φημί φεύγω λύκος ἀνήρ,-2.2552466,4.271225
110,tlg0614.tlg001,Babrius - 18) The North Wind and the Sun,δʼ καί βορέας ἥλιος λέγω,δʼ καί δέ ἐγώ εἰμί οὐ τις αὐτός σύ εἶπον,βορέας πειθόω ἀνύω ἥλιος βία,μῦθος κακός τε ποτʼ λέων εἶδον φημί φεύγω λύκος ἀνήρ,-1.1051439,4.152046
111,tlg0614.tlg001,Babrius - 91) Temporarily Patient,ταῦρος σύ καί τράγος δʼ,δʼ καί δέ ἐγώ εἰμί οὐ τις αὐτός σύ εἶπον,ταῦρος τράγος πόσος λέων ἐξώθημι,μῦθος κακός τε ποτʼ λέων εἶδον φημί φεύγω λύκος ἀνήρ,-2.9909484,5.253327
112,tlg0614.tlg001,Babrius - 120) Physician Heal Thyself,καί ὅς ἄλλος φαρμάκον σῴζω,δʼ καί δέ ἐγώ εἰμί οὐ τις αὐτός σύ εἶπον,ὅντα ἀμαθής ὄλυμπος ἐπαγ τελμάτον,μῦθος κακός τε ποτʼ λέων εἶδον φημί φεύγω λύκος ἀνήρ,-2.1667924,1.153367
113,tlg0614.tlg001,Babrius - 31) The Mice and their Generals,καί δʼ στρατηγός τε δέ,δʼ καί δέ ἐγώ εἰμί οὐ τις αὐτός σύ εἶπον,στρατηγός γαλέη μύες σφεῖς τε,μῦθος κακός τε ποτʼ λέων εἶδον φημί φεύγω λύκος ἀνήρ,-0.77310884,4.9239855
114,tlg0614.tlg001,Babrius - 103) One-Way Traffic,ἐγώ δʼ οὐ καί ἐπʼ,δʼ καί δέ ἐγώ εἰμί οὐ τις αὐτός σύ εἶπον,ἐγώ δʼ ἐπʼ λέων οὐ,μῦθος κακός τε ποτʼ λέων εἶδον φημί φεύγω λύκος ἀνήρ,-1.9752938,4.7940087
115,tlg0614.tlg001,Babrius - 50) Double-Crossed,δʼ οὐ ἐγώ καί ὅς,δʼ καί δέ ἐγώ εἰμί οὐ τις αὐτός σύ εἶπον,δʼ κυνηγός δάκτυλος ἀλώπηξ ἐγώ,μῦθος κακός τε ποτʼ λέων εἶδον φημί φεύγω λύκος ἀνήρ,-1.5861781,4.696255
116,tlg0614.tlg001,Babrius - 98) Disarmed by Love,δʼ τις τε λέων καί,δʼ καί δέ ἐγώ εἰμί οὐ τις αὐτός σύ εἶπον,ἡλίκους λέων ὀδούς τε δʼ,μῦθος κακός τε ποτʼ λέων εἶδον φημί φεύγω λύκος ἀνήρ,-1.8573401,5.268541
117,tlg0614.tlg001,Babrius - 77) The Fox and the Crow,κόραξ δʼ τυρός ὄρνις σύ,δʼ καί δέ ἐγώ εἰμί οὐ τις αὐτός σύ εἶπον,κόραξ τυρός ἔπαινος ὄρνις στόμα,μῦθος κακός τε ποτʼ λέων εἶδον φημί φεύγω λύκος ἀνήρ,-2.0609384,5.0543456
118,tlg0614.tlg001,Babrius - 115) Showing a Turtle how to Fly,καί δʼ ἐγώ τίς δίδωμι,δʼ καί δέ ἐγώ εἰμί οὐ τις αὐτός σύ εἶπον,δίδωμι ἤραξεν μετάρσιος νέφος χαμᾶζε,μῦθος κακός τε ποτʼ λέων εἶδον φημί φεύγω λύκος ἀνήρ,-2.8437972,2.9100697
119,tlg0614.tlg001,Babrius - 83) Undernourished,ἐγώ λόγος ἀναγκαίων πᾶς ἡμέρα,δʼ καί δέ ἐγώ εἰμί οὐ τις αὐτός σύ εἶπον,ἀναγκαίων ἡμέρα ἀπορέω κριθά ἐκτένιζεν,μῦθος κακός τε ποτʼ λέων εἶδον φημί φεύγω λύκος ἀνήρ,-0.597442,2.286718
120,tlg0614.tlg001,"Babrius - 51) Fleece Me, But Don't Flay Me",οὐ ἐγώ τε εἰμί ὅς,δʼ καί δέ ἐγώ εἰμί οὐ τις αὐτός σύ εἶπον,πόκος κρέας πρόβατον χρῄζω ἐμός,μῦθος κακός τε ποτʼ λέων εἶδον φημί φεύγω λύκος ἀνήρ,-1.1843431,5.607231
121,tlg0614.tlg001,Babrius - 67) The Lion's Share,καί λέων δέ μέν δʼ,δʼ καί δέ ἐγώ εἰμί οὐ τις αὐτός σύ εἶπον,λήπτω λέων λεία μέτρει σεαυτόν,μῦθος κακός τε ποτʼ λέων εἶδον φημί φεύγω λύκος ἀνήρ,-2.3474994,4.878123
122,tlg0614.tlg001,"Babrius - 87) Let it be Yea Yea, or Nay Nay",εἰμί σαίνω τίς δάκνω δʼ,δʼ καί δέ ἐγώ εἰμί οὐ τις αὐτός σύ εἶπον,σαίνω δάκνω φίλος κατειλαφίσκω ἀμφίβολος,μῦθος κακός τε ποτʼ λέων εἶδον φημί φεύγω λύκος ἀνήρ,-1.927193,4.5179167
123,tlg0614.tlg001,Babrius - 14) The Bear and the Fox,νεκρός ζῶ μή φιλέω πρός,δʼ καί δέ ἐγώ εἰμί οὐ τις αὐτός σύ εἶπον,νεκρός ζῶ ᾑρούμην εἷλκες σῶμʼ,μῦθος κακός τε ποτʼ λέων εἶδον φημί φεύγω λύκος ἀνήρ,-1.7684374,2.359623
124,tlg0614.tlg001,Babrius - 82) Good Reason to be Alarmed,δʼ χαίτη δέ εἰμί λέων,δʼ καί δέ ἐγώ εἰμί οὐ τις αὐτός σύ εἶπον,χαίτη μῦς λέων φρίζω φωλάς,μῦθος κακός τε ποτʼ λέων εἶδον φημί φεύγω λύκος ἀνήρ,-2.4329338,5.365012
125,tlg0614.tlg001,Babrius - 10) Aphrodite and the Slave Girl,καί καλός αἰσχρός πᾶς οὗτος,δʼ καί δέ ἐγώ εἰμί οὐ τις αὐτός σύ εἶπον,αἰσχρός καλός καθʼ καί οἰκοδεσποίνῃ,μῦθος κακός τε ποτʼ λέων εἶδον φημί φεύγω λύκος ἀνήρ,-1.9084814,1.6969773
126,tlg0614.tlg001,Babrius - 40) The Rise of the Proletariat,εἶπον τις φθάνω εἰμί ποταμός,δʼ καί δέ ἐγώ εἰμί οὐ τις αὐτός σύ εἶπον,αἰσώπου τἀξόπισθέν ἔχεζε φθάνω πράττω,μῦθος κακός τε ποτʼ λέων εἶδον φημί φεύγω λύκος ἀνήρ,-0.19505966,3.0340307
127,tlg0614.tlg001,Babrius - 38) The Unkindest Cut of All,ὡς ἐγώ σφῆνας ἄλλος ἄν,δʼ καί δέ ἐγώ εἰμί οὐ τις αὐτός σύ εἶπον,σφῆνας πεύκη ὡς ἐνέρω μήτηρ,μῦθος κακός τε ποτʼ λέων εἶδον φημί φεύγω λύκος ἀνήρ,-2.8681517,4.327683
128,tlg0614.tlg001,Babrius - 17) Cat as Fowler,δʼ καί τις ἐξαπατάω μηκέτι,δʼ καί δέ ἐγώ εἰμί οὐ τις αὐτός σύ εἶπον,θύλακός εἶδʼ πινυτός θάλυκος κακοῦργος,μῦθος κακός τε ποτʼ λέων εἶδον φημί φεύγω λύκος ἀνήρ,-2.6731858,4.482512
129,tlg0614.tlg001,Babrius - 106) Deeply Worried about the Future,δʼ τε λέων καί οὐ,δʼ καί δέ ἐγώ εἰμί οὐ τις αὐτός σύ εἶπον,λέων κερδώ ἀλγύνω ἑώλον τε,μῦθος κακός τε ποτʼ λέων εἶδον φημί φεύγω λύκος ἀνήρ,-1.7491249,5.091029
130,tlg0614.tlg001,Babrius - 62) Only a Half-Breed,ἐγώ δρόμος δʼ εἰμί ἐν,δʼ καί δέ ἐγώ εἰμί οὐ τις αὐτός σύ εἶπον,δρόμος πρόγονος ἀγενός ἐτρόχαζε κριθιάζω,μῦθος κακός τε ποτʼ λέων εἶδον φημί φεύγω λύκος ἀνήρ,-1.0166074,2.637229
131,tlg0614.tlg001,Babrius - 58) Hope,αὐτός ἄνθρωπος μόνος ἐν πῶμα,δʼ καί δέ ἐγώ εἰμί οὐ τις αὐτός σύ εἶπον,πῶμα ἐλπίς μόνος ἄνθρωπος διῆκʼ,μῦθος κακός τε ποτʼ λέων εἶδον φημί φεύγω λύκος ἀνήρ,-2.4975786,2.7825978
132,tlg0614.tlg001,Babrius - 81) Nolo Contendre,ἔχω εἰμί φημί οὐ φεύγω,δʼ καί δέ ἐγώ εἰμί οὐ τις αὐτός σύ εἶπον,παππῴη καταλαζονεύομαι ἐλέγχους πατρῴη ψευδολόγος,μῦθος κακός τε ποτʼ λέων εἶδον φημί φεύγω λύκος ἀνήρ,-1.6900525,4.5254016
133,tlg0614.tlg001,Babrius - 13) The Farmer and the Stork,αὐτός οὐ πελαργὸς καί πελαργός,δʼ καί δέ ἐγώ εἰμί οὐ τις αὐτός σύ εἶπον,πελαργὸς πελαργός ἐμός αὐτός κοινωνία,μῦθος κακός τε ποτʼ λέων εἶδον φημί φεύγω λύκος ἀνήρ,-2.4115195,2.2057965
134,tlg0614.tlg001,Babrius - 47) Strength in Unity,εἰμί δʼ ῥάβδος ἀλλήλων ἐγώ,δʼ καί δέ ἐγώ εἰμί οὐ τις αὐτός σύ εἶπον,ῥάβδος σύν ἐάν φέρω ἕκαστος,μῦθος κακός τε ποτʼ λέων εἶδον φημί φεύγω λύκος ἀνήρ,-2.1265242,4.4006953
135,tlg0614.tlg001,Babrius - 30) Hermes on Sale,αὐτός σύ εἰς ἑρμῆς δέ,δʼ καί δέ ἐγώ εἰμί οὐ τις αὐτός σύ εἶπον,λιθουργὸς ἑρμῆς ταλαντεύῃ λύγδινός ἐπώλει,μῦθος κακός τε ποτʼ λέων εἶδον φημί φεύγω λύκος ἀνήρ,-3.6508596,2.890172
136,tlg0614.tlg001,Babrius - 29) The Old Age of the Race Horse,εἰς οἷος ὑπό μή ἀκμή,δʼ καί δέ ἐγώ εἰμί οὐ τις αὐτός σύ εἶπον,οἷος ἀνηλώθη ἐγυρεύω λά ἀκμή,μῦθος κακός τε ποτʼ λέων εἶδον φημί φεύγω λύκος ἀνήρ,-1.0389746,2.0125754
137,tlg0614.tlg001,Babrius - 36) The Oak and the Reeds,δέ μέν κάλαμος ἄνεμος δρῦς,δʼ καί δέ ἐγώ εἰμί οὐ τις αὐτός σύ εἶπον,κάλαμος δρῦς ἄνεμος δέ μέν,μῦθος κακός τε ποτʼ λέων εἶδον φημί φεύγω λύκος ἀνήρ,-2.199957,3.4305096
138,tlg0614.tlg001,Babrius - 90) More Fearsome than Ever,ἐγώ ὑπηκόων φημί ἐκ ἀρχή,δʼ καί δέ ἐγώ εἰμί οὐ τις αὐτός σύ εἶπον,ὑπηκόων ταλαιπώρων σωφρονέω ἐλύσθω μεμηνώς,μῦθος κακός τε ποτʼ λέων εἶδον φημί φεύγω λύκος ἀνήρ,-2.2613535,3.4800286
139,tlg0614.tlg001,Babrius - 70) War and his Bride,οὗτος ὡς πόλεμος ὕβρις γαμέω,δʼ καί δέ ἐγώ εἰμί οὐ τις αὐτός σύ εἶπον,ὕβρις πόλεμος γαμέω προσγελάω περισσῶς,μῦθος κακός τε ποτʼ λέων εἶδον φημί φεύγω λύκος ἀνήρ,-3.5164382,2.8343008
140,tlg0614.tlg001,Babrius - 59) Momus the Fault-Finder,δέ μή ὡς τις ἄνθρωπος,δʼ καί δέ ἐγώ εἰμί οὐ τις αὐτός σύ εἶπον,ποσειδῶν ποιέω ταῦρος μή ἄνθρωπος,μῦθος κακός τε ποτʼ λέων εἶδον φημί φεύγω λύκος ἀνήρ,-3.1453836,3.4494138
141,tlg0614.tlg001,Babrius - 93) Peace by Surrender,καί ὅς ὅρκος κύων διʼ,δʼ καί δέ ἐγώ εἰμί οὐ τις αὐτός σύ εἶπον,ὅρκος διʼ ποίμνη κύων μωρός,μῦθος κακός τε ποτʼ λέων εἶδον φημί φεύγω λύκος ἀνήρ,-0.4189285,5.0823193
142,tlg0614.tlg001,Babrius - 34) A Case of Indigestion,τις γάρ πίπτω δʼ ταῦρος,δʼ καί δέ ἐγώ εἰμί οὐ τις αὐτός σύ εἶπον,ταῦρος πίπτω κἀπῆλθʼ οἰνάρον κἀπόβαλλε,μῦθος κακός τε ποτʼ λέων εἶδον φημί φεύγω λύκος ἀνήρ,-3.2058508,5.020567
143,tlg0614.tlg001,Babrius - 108) The Country Mouse and the City Mouse,δʼ καί τε ἐγώ ἐν,δʼ καί δέ ἐγώ εἰμί οὐ τις αὐτός σύ εἶπον,δʼ βίος βώλος ἀπάγω τρώγω,μῦθος κακός τε ποτʼ λέων εἶδον φημί φεύγω λύκος ἀνήρ,-1.2152455,4.936733
144,tlg0614.tlg001,Babrius - 16) The Disappointed Wolf,δʼ λύκος καί πιστεύω δέ,δʼ καί δέ ἐγώ εἰμί οὐ τις αὐτός σύ εἶπον,λύκος ἐλπίς πιστεύω γυνή πῶς,μῦθος κακός τε ποτʼ λέων εἶδον φημί φεύγω λύκος ἀνήρ,-1.8068105,5.765723
145,tlg0614.tlg001,Babrius - 113) Enemy Infiltration,πρόβατον αὐτός ἔσω συγκλείω συλλέγω,δʼ καί δέ ἐγώ εἰμί οὐ τις αὐτός σύ εἶπον,πρόβατον συγκλείω δηλοί ἀσφαλής κνηκὸς,μῦθος κακός τε ποτʼ λέων εἶδον φημί φεύγω λύκος ἀνήρ,-1.0961566,5.687505
146,tlg0614.tlg001,Babrius - 129) Failure to Qualify as a Household Pet,δʼ καί πᾶς δέ μέσος,δʼ καί δέ ἐγώ εἰμί οὐ τις αὐτός σύ εἶπον,κυνίδιον μέσος αὐλή φάτνη δʼ,μῦθος κακός τε ποτʼ λέων εἶδον φημί φεύγω λύκος ἀνήρ,-1.0579371,2.8167994
147,tlg0614.tlg001,Babrius - 100) Freedom Preferred to Security,ἐγώ αὐτός καί ὅς δʼ,δʼ καί δέ ἐγώ εἰμί οὐ τις αὐτός σύ εἶπον,κύων λύκος δουλο φευκτέος συνήντα,μῦθος κακός τε ποτʼ λέων εἶδον φημί φεύγω λύκος ἀνήρ,-0.4440097,5.0546985
148,tlg0614.tlg001,Babrius - 15) The Athenian and the Theban,δʼ μέν καί ἀνήρ ὡς,δʼ καί δέ ἐγώ εἰμί οὐ τις αὐτός σύ εἶπον,θηβαῖος θησεύς ἡρακλέης δʼ μέν,μῦθος κακός τε ποτʼ λέων εἶδον φημί φεύγω λύκος ἀνήρ,-1.1163176,4.2293453
149,tlg0614.tlg001,Babrius - 80) Dancing is Not for the Camel,ἐκ ἀν παρά πίνω κυμβάλοις,δʼ καί δέ ἐγώ εἰμί οὐ τις αὐτός σύ εἶπον,ἀν ἄνευ εἶπʼ κυμβάλοις ὀρχεῖσθʼ,μῦθος κακός τε ποτʼ λέων εἶδον φημί φεύγω λύκος ἀνήρ,-0.33507547,3.1405373
150,tlg0614.tlg001,Babrius - 111) A Backfiring Stratagem,καί δʼ δέ ὄνος ὡς,δʼ καί δέ ἐγώ εἰμί οὐ τις αὐτός σύ εἶπον,ἅλας ὄνος σπόγγος ἑκών πλείων,μῦθος κακός τε ποτʼ λέων εἶδον φημί φεύγω λύκος ἀνήρ,-0.855202,1.4457685
151,tlg0614.tlg001,Babrius - 27) The Unappreciated Weasel,καί τε δʼ πνίγω βλάπτω,δʼ καί δέ ἐγώ εἰμί οὐ τις αὐτός σύ εἶπον,πνίγω βλάπτω ὠφελοῦσ ἤπερ ὄρνω,μῦθος κακός τε ποτʼ λέων εἶδον φημί φεύγω λύκος ἀνήρ,-2.366416,2.9854603
152,tlg0614.tlg001,Babrius - 35) Coddled to Death,μέν εἰμί ὅς αὐτός δʼ,δʼ καί δέ ἐγώ εἰμί οὐ τις αὐτός σύ εἶπον,ὠδίνω ἦθος ἀθλία ἀγρίος ἀποπνίγω,μῦθος κακός τε ποτʼ λέων εἶδον φημί φεύγω λύκος ἀνήρ,-1.429331,4.2321544
153,tlg0614.tlg001,Babrius - 48) Unwelcome Attentions,δʼ ἐγώ αὐτός θεός μή,δʼ καί δέ ἐγώ εἰμί οὐ τις αὐτός σύ εἶπον,τοὔλαιος παλαιστρίτης προσουρέω ἑρμεία ἔπειτʼ,μῦθος κακός τε ποτʼ λέων εἶδον φημί φεύγω λύκος ἀνήρ,-3.028231,2.9719174
154,tlg0614.tlg001,Babrius - 6) The Fisherman and the Little Fish,ἐγώ οὐ μικρός δέ μή,δʼ καί δέ ἐγώ εἰμί οὐ τις αὐτός σύ εἶπον,μικρός ξύων τάγηνος θωπεύθω ὁρμιά,μῦθος κακός τε ποτʼ λέων εἶδον φημί φεύγω λύκος ἀνήρ,-1.7034769,3.7615774
155,tlg0614.tlg001,Babrius - 116) A Domestic Triangle,καί τις παῖς δέ εἰς,δʼ καί δέ ἐγώ εἰμί οὐ τις αὐτός σύ εἶπον,δόμος παῖς πεῖσον φάος εἴσω,μῦθος κακός τε ποτʼ λέων εἶδον φημί φεύγω λύκος ἀνήρ,-1.9200369,2.7985609
156,tlg0614.tlg001,Babrius - 79) The Dog and his Shadow,κρέας σκιά δʼ ἐλπίς εὑρίσκω,δʼ καί δέ ἐγώ εἰμί οὐ τις αὐτός σύ εἶπον,κρέας σκιά ἀβέβαιος μαγειρεῖον ματαίος,μῦθος κακός τε ποτʼ λέων εἶδον φημί φεύγω λύκος ἀνήρ,-1.105606,5.410035
157,tlg0007.tlg121,Plutarch - Renting the Ass or its Shadow (Lives of the Ten Orators (Moralia 848A-B)),δέ βούλομαι ὄνος σκιά καί,δέ βούλομαι ὄνος καί σκιά εἶπον λέγω δʼ οὐ αὐτός,βούλομαι σκιά ὄνος ἀθήναιος ὑπέρ,βούλομαι σκιά ἀθήναιος ὄνος ὑπέρ μέγαράδε ἑκάτερος ἔργω ἐκκλησία σιωπέω,-0.96578693,1.5374119
